Weekday,Is Holiday,soma das vendas,Month,Year,Day
5,False,16.448,1,2015,3
6,False,288.06,1,2015,4
0,False,19.536,1,2015,5
1,False,4407.1,1,2015,6
2,False,87.15799999999999,1,2015,7
3,False,0.0,1,2015,8
4,False,40.544,1,2015,9
5,False,54.83,1,2015,10
6,False,9.94,1,2015,11
0,False,0.0,1,2015,12
1,False,3553.795,1,2015,13
2,False,61.96,1,2015,14
3,False,149.95,1,2015,15
4,False,299.964,1,2015,16
5,False,0.0,1,2015,17
6,False,64.864,1,2015,18
0,True,378.594,1,2015,19
1,False,2673.87,1,2015,20
2,False,0.0,1,2015,21
3,False,0.0,1,2015,22
4,False,40.08,1,2015,23
5,False,0.0,1,2015,24
6,False,0.0,1,2015,25
0,False,1097.25,1,2015,26
1,False,426.67,1,2015,27
2,False,3.928,1,2015,28
3,False,0.0,1,2015,29
4,False,240.5,1,2015,30
5,False,290.666,1,2015,31
6,False,468.9,2,2015,1
0,False,211.64600000000002,2,2015,2
1,False,97.11200000000001,2,2015,3
2,False,134.38400000000001,2,2015,4
3,False,0.0,2,2015,5
4,False,330.512,2,2015,6
5,False,180.32,2,2015,7
6,False,14.56,2,2015,8
0,False,0.0,2,2015,9
1,False,0.0,2,2015,10
2,False,2043.4,2,2015,11
3,False,129.568,2,2015,12
4,False,0.0,2,2015,13
5,False,576.726,2,2015,14
6,False,21.36,2,2015,15
0,True,9.04,2,2015,16
1,False,54.208,2,2015,17
2,False,37.784,2,2015,18
3,False,0.0,2,2015,19
4,False,95.59,2,2015,20
5,False,8.85,2,2015,21
6,False,19.44,2,2015,22
0,False,11.364,2,2015,23
1,False,55.672,2,2015,24
2,False,0.0,2,2015,25
3,False,0.0,2,2015,26
4,False,19.456,2,2015,27
5,False,0.0,2,2015,28
6,False,2203.151,3,2015,1
0,False,47.76,3,2015,2
1,False,1345.8919999999998,3,2015,3
2,False,370.452,3,2015,4
3,False,705.562,3,2015,5
4,False,0.0,3,2015,6
5,False,1561.062,3,2015,7
6,False,0.0,3,2015,8
0,False,0.0,3,2015,9
1,False,741.956,3,2015,10
2,False,918.314,3,2015,11
3,False,0.0,3,2015,12
4,False,0.0,3,2015,13
5,False,2108.55,3,2015,14
6,False,370.78200000000004,3,2015,15
0,False,471.92,3,2015,16
1,False,3960.358,3,2015,17
2,False,28106.716,3,2015,18
3,False,590.762,3,2015,19
4,False,0.0,3,2015,20
5,False,4109.816,3,2015,21
6,False,464.09299999999996,3,2015,22
0,False,945.064,3,2015,23
1,False,65.38,3,2015,24
2,False,459.146,3,2015,25
3,False,145.13,3,2015,26
4,False,0.0,3,2015,27
5,False,1493.216,3,2015,28
6,False,890.841,3,2015,29
0,False,1170.3220000000001,3,2015,30
1,False,1959.552,3,2015,31
2,False,119.88799999999999,4,2015,1
3,False,1458.558,4,2015,2
4,False,0.0,4,2015,3
5,False,475.844,4,2015,4
6,False,5179.738,4,2015,5
0,False,1650.69,4,2015,6
1,False,1021.1700000000001,4,2015,7
2,False,1958.75,4,2015,8
3,False,0.0,4,2015,9
4,False,0.0,4,2015,10
5,False,1915.24,4,2015,11
6,False,1872.443,4,2015,12
0,False,638.576,4,2015,13
1,False,0.0,4,2015,14
2,False,294.71999999999997,4,2015,15
3,False,39.072,4,2015,16
4,False,0.0,4,2015,17
5,False,1020.532,4,2015,18
6,False,205.47,4,2015,19
0,False,1250.45,4,2015,20
1,False,845.36,4,2015,21
2,False,257.752,4,2015,22
3,False,643.98,4,2015,23
4,False,0.0,4,2015,24
5,False,2379.9939999999997,4,2015,25
6,False,282.568,4,2015,26
0,False,0.0,4,2015,27
1,False,2578.476,4,2015,28
2,False,768.8439999999999,4,2015,29
3,False,1048.74,4,2015,30
4,False,0.0,5,2015,1
5,False,506.12,5,2015,2
6,False,72.632,5,2015,3
0,False,187.43200000000002,5,2015,4
1,False,260.977,5,2015,5
2,False,254.456,5,2015,6
3,False,1091.35,5,2015,7
4,False,1799.97,5,2015,8
5,False,394.48,5,2015,9
6,False,2343.799,5,2015,10
0,False,1642.802,5,2015,11
1,False,734.846,5,2015,12
2,False,898.382,5,2015,13
3,False,310.88,5,2015,14
4,False,0.0,5,2015,15
5,False,289.28,5,2015,16
6,False,91.68,5,2015,17
0,False,944.964,5,2015,18
1,False,91.62,5,2015,19
2,False,320.10400000000004,5,2015,20
3,False,4264.3279999999995,5,2015,21
4,False,180.93,5,2015,22
5,False,323.75800000000004,5,2015,23
6,False,116.28,5,2015,24
0,True,119.53999999999999,5,2015,25
1,False,1325.718,5,2015,26
2,False,2157.394,5,2015,27
3,False,221.96800000000002,5,2015,28
4,False,0.0,5,2015,29
5,False,1924.913,5,2015,30
6,False,773.7,5,2015,31
0,False,5188.5199999999995,6,2015,1
1,False,738.598,6,2015,2
2,False,531.16,6,2015,3
3,False,456.272,6,2015,4
4,False,0.0,6,2015,5
5,False,1374.0010000000002,6,2015,6
6,False,281.397,6,2015,7
0,False,2501.264,6,2015,8
1,False,5463.008,6,2015,9
2,False,491.55,6,2015,10
3,False,0.0,6,2015,11
4,False,0.0,6,2015,12
5,False,14.52,6,2015,13
6,False,212.94,6,2015,14
0,False,942.9739999999999,6,2015,15
1,False,763.792,6,2015,16
2,False,3356.4860000000003,6,2015,17
3,False,139.8,6,2015,18
4,False,0.0,6,2015,19
5,False,1828.9496,6,2015,20
6,False,4107.443,6,2015,21
0,False,1975.498,6,2015,22
1,False,109.49600000000001,6,2015,23
2,False,4.272,6,2015,24
3,False,792.76,6,2015,25
4,False,0.0,6,2015,26
5,False,616.14,6,2015,27
6,False,1645.791,6,2015,28
0,False,46.68,6,2015,29
1,False,739.624,6,2015,30
2,False,601.0239999999999,7,2015,1
3,False,79.56,7,2015,2
4,True,0.0,7,2015,3
5,True,247.40800000000002,7,2015,4
6,False,1444.104,7,2015,5
0,False,1038.472,7,2015,6
1,False,241.19400000000002,7,2015,7
2,False,763.0740000000001,7,2015,8
3,False,265.521,7,2015,9
4,False,0.0,7,2015,10
5,False,2022.356,7,2015,11
6,False,1960.012,7,2015,12
0,False,351.216,7,2015,13
1,False,292.594,7,2015,14
2,False,9.51,7,2015,15
3,False,0.0,7,2015,16
4,False,0.0,7,2015,17
5,False,273.04,7,2015,18
6,False,461.326,7,2015,19
0,False,2285.786,7,2015,20
1,False,1961.482,7,2015,21
2,False,1348.344,7,2015,22
3,False,2613.1839999999997,7,2015,23
4,False,0.0,7,2015,24
5,False,8341.289999999999,7,2015,25
6,False,5039.994,7,2015,26
0,False,580.06,7,2015,27
1,False,193.152,7,2015,28
2,False,0.0,7,2015,29
3,False,1367.84,7,2015,30
4,False,0.0,7,2015,31
5,False,228.328,8,2015,1
6,False,886.28,8,2015,2
0,False,477.994,8,2015,3
1,False,2743.154,8,2015,4
2,False,2408.7239999999997,8,2015,5
3,False,262.89,8,2015,6
4,False,0.0,8,2015,7
5,False,3955.629,8,2015,8
6,False,3605.6850000000004,8,2015,9
0,False,0.0,8,2015,10
1,False,451.62,8,2015,11
2,False,1545.73,8,2015,12
3,False,0.0,8,2015,13
4,False,0.0,8,2015,14
5,False,337.5,8,2015,15
6,False,853.092,8,2015,16
0,False,500.342,8,2015,17
1,False,0.0,8,2015,18
2,False,1439.106,8,2015,19
3,False,1838.722,8,2015,20
4,False,0.0,8,2015,21
5,False,23.104,8,2015,22
6,False,565.224,8,2015,23
0,False,59.74,8,2015,24
1,False,1451.6499999999999,8,2015,25
2,False,366.81,8,2015,26
3,False,2070.13,8,2015,27
4,False,0.0,8,2015,28
5,False,832.3225,8,2015,29
6,False,121.24,8,2015,30
0,False,92.52,8,2015,31
1,False,469.436,9,2015,1
2,False,3254.15,9,2015,2
3,False,22.08,9,2015,3
4,False,0.0,9,2015,4
5,False,296.304,9,2015,5
6,False,100.36,9,2015,6
0,True,3523.875,9,2015,7
1,False,14228.428,9,2015,8
2,False,4043.5879999999997,9,2015,9
3,False,1855.2279999999998,9,2015,10
4,False,127.95,9,2015,11
5,False,4904.66,9,2015,12
6,False,1275.408,9,2015,13
0,False,5023.716,9,2015,14
1,False,133.436,9,2015,15
2,False,33.552,9,2015,16
3,False,820.523,9,2015,17
4,False,0.0,9,2015,18
5,False,9338.637,9,2015,19
6,False,5335.968000000001,9,2015,20
0,False,2679.652,9,2015,21
1,False,1240.266,9,2015,22
2,False,10662.337000000001,9,2015,23
3,False,211.96,9,2015,24
4,False,354.88880000000006,9,2015,25
5,False,1326.79,9,2015,26
6,False,773.4399999999999,9,2015,27
0,False,490.29200000000003,9,2015,28
1,False,8109.07,9,2015,29
2,False,987.532,9,2015,30
3,False,4.71,10,2015,1
4,False,598.144,10,2015,2
5,False,862.683,10,2015,3
6,False,728.7479999999999,10,2015,4
0,False,191.9,10,2015,5
1,False,494.71,10,2015,6
2,False,237.35999999999999,10,2015,7
3,False,147.392,10,2015,8
4,False,249.35999999999999,10,2015,9
5,False,2049.386,10,2015,10
6,False,1381.164,10,2015,11
0,True,58.53,10,2015,12
1,False,2212.182,10,2015,13
2,False,4525.484,10,2015,14
3,False,206.72400000000002,10,2015,15
4,False,194.322,10,2015,16
5,False,136.068,10,2015,17
6,False,3134.916,10,2015,18
0,False,641.104,10,2015,19
1,False,1501.104,10,2015,20
2,False,1356.602,10,2015,21
3,False,223.808,10,2015,22
4,False,0.0,10,2015,23
5,False,56.49,10,2015,24
6,False,103.882,10,2015,25
0,False,447.88,10,2015,26
1,False,22.32,10,2015,27
2,False,1510.5819999999999,10,2015,28
3,False,2813.8120000000004,10,2015,29
4,False,0.0,10,2015,30
5,False,5362.026,10,2015,31
6,False,4637.816,11,2015,1
0,False,2126.37,11,2015,2
1,False,2784.163,11,2015,3
2,False,6693.7480000000005,11,2015,4
3,False,1694.564,11,2015,5
4,False,0.0,11,2015,6
5,False,1302.454,11,2015,7
6,False,333.576,11,2015,8
0,False,1574.094,11,2015,9
1,False,2002.556,11,2015,10
2,True,7836.978,11,2015,11
3,False,901.6492,11,2015,12
4,False,0.0,11,2015,13
5,False,1034.73,11,2015,14
6,False,1780.822,11,2015,15
0,False,1355.9285,11,2015,16
1,False,11544.274,11,2015,17
2,False,3406.855,11,2015,18
3,False,7226.086,11,2015,19
4,False,907.5600000000001,11,2015,20
5,False,1249.622,11,2015,21
6,False,1103.298,11,2015,22
0,False,1363.28,11,2015,23
1,False,5572.864,11,2015,24
2,False,4415.695,11,2015,25
3,True,1705.99,11,2015,26
4,False,203.66,11,2015,27
5,False,2280.83,11,2015,28
6,False,649.044,11,2015,29
0,False,219.154,11,2015,30
1,False,5624.39,12,2015,1
2,False,1771.808,12,2015,2
3,False,505.88,12,2015,3
4,False,129.98,12,2015,4
5,False,2963.642,12,2015,5
6,False,1970.978,12,2015,6
0,False,548.4,12,2015,7
1,False,1095.12,12,2015,8
2,False,1522.652,12,2015,9
3,False,573.336,12,2015,10
4,False,0.0,12,2015,11
5,False,4938.4045,12,2015,12
6,False,293.152,12,2015,13
0,False,7641.658,12,2015,14
1,False,1264.466,12,2015,15
2,False,4065.5950000000003,12,2015,16
3,False,45.534,12,2015,17
4,False,0.0,12,2015,18
5,False,3436.7599999999998,12,2015,19
6,False,6962.4400000000005,12,2015,20
0,False,1933.44,12,2015,21
1,False,798.968,12,2015,22
2,False,942.108,12,2015,23
3,False,1950.202,12,2015,24
4,True,0.0,12,2015,25
5,False,2041.414,12,2015,26
6,False,2966.388,12,2015,27
0,False,2682.326,12,2015,28
1,False,2072.096,12,2015,29
2,False,2172.6510000000003,12,2015,30
3,False,5253.2699999999995,12,2015,31
4,True,0.0,1,2016,1
5,False,1932.096,1,2016,2
6,False,1768.2215999999999,1,2016,3
0,False,264.46000000000004,1,2016,4
1,False,295.272,1,2016,5
2,False,31.538,1,2016,6
3,False,0.0,1,2016,7
4,False,0.0,1,2016,8
5,False,364.07,1,2016,9
6,False,1018.104,1,2016,10
0,False,0.0,1,2016,11
1,False,747.496,1,2016,12
2,False,622.278,1,2016,13
3,False,0.0,1,2016,14
4,False,0.0,1,2016,15
5,False,0.0,1,2016,16
6,False,350.384,1,2016,17
0,True,0.0,1,2016,18
1,False,301.742,1,2016,19
2,False,0.0,1,2016,20
3,False,0.0,1,2016,21
4,False,0.0,1,2016,22
5,False,43.66,1,2016,23
6,False,13.12,1,2016,24
0,False,0.0,1,2016,25
1,False,182.72,1,2016,26
2,False,3573.252,1,2016,27
3,False,4297.644,1,2016,28
4,False,0.0,1,2016,29
5,False,2161.6400000000003,1,2016,30
6,False,99.26,1,2016,31
0,False,0.0,2,2016,1
1,False,0.0,2,2016,2
2,False,492.836,2,2016,3
3,False,0.0,2,2016,4
4,False,0.0,2,2016,5
5,False,2432.544,2,2016,6
6,False,324.10999999999996,2,2016,7
0,False,129.09199999999998,2,2016,8
1,False,785.5519999999999,2,2016,9
2,False,77.24,2,2016,10
3,False,0.0,2,2016,11
4,False,0.0,2,2016,12
5,False,0.0,2,2016,13
6,False,1079.962,2,2016,14
0,True,1602.38,2,2016,15
1,False,160.43,2,2016,16
2,False,0.0,2,2016,17
3,False,105.844,2,2016,18
4,False,0.0,2,2016,19
5,False,316.78000000000003,2,2016,20
6,False,2591.1,2,2016,21
0,False,79.36,2,2016,22
1,False,37.775999999999996,2,2016,23
2,False,0.0,2,2016,24
3,False,25.869999999999997,2,2016,25
4,False,0.0,2,2016,26
5,False,1159.2710000000002,2,2016,27
6,False,551.264,2,2016,28
0,False,0.0,2,2016,29
1,False,1642.1743999999999,3,2016,1
2,False,899.5699999999999,3,2016,2
3,False,0.0,3,2016,3
4,False,0.0,3,2016,4
5,False,1969.267,3,2016,5
6,False,1555.244,3,2016,6
0,False,807.54,3,2016,7
1,False,2563.2960000000003,3,2016,8
2,False,478.008,3,2016,9
3,False,90.93199999999999,3,2016,10
4,False,0.0,3,2016,11
5,False,51.016000000000005,3,2016,12
6,False,1384.856,3,2016,13
0,False,707.9000000000001,3,2016,14
1,False,16.776,3,2016,15
2,False,7230.209999999999,3,2016,16
3,False,48.84,3,2016,17
4,False,0.0,3,2016,18
5,False,5203.89,3,2016,19
6,False,102.52000000000001,3,2016,20
0,False,1270.3790000000001,3,2016,21
1,False,2481.424,3,2016,22
2,False,633.302,3,2016,23
3,False,412.95,3,2016,24
4,False,0.0,3,2016,25
5,False,131.16,3,2016,26
6,False,83.7,3,2016,27
0,False,243.344,3,2016,28
1,False,1559.0800000000002,3,2016,29
2,False,571.224,3,2016,30
3,False,200.716,3,2016,31
4,False,0.0,4,2016,1
5,False,299.22,4,2016,2
6,False,0.0,4,2016,3
0,False,1484.598,4,2016,4
1,False,2974.058,4,2016,5
2,False,140.004,4,2016,6
3,False,907.436,4,2016,7
4,False,0.0,4,2016,8
5,False,757.992,4,2016,9
6,False,169.54199999999997,4,2016,10
0,False,1328.346,4,2016,11
1,False,0.0,4,2016,12
2,False,3192.6780000000003,4,2016,13
3,False,35.208,4,2016,14
4,False,0.0,4,2016,15
5,False,4161.972,4,2016,16
6,False,2745.106,4,2016,17
0,False,2006.96,4,2016,18
1,False,329.96,4,2016,19
2,False,1194.726,4,2016,20
3,False,893.0899999999999,4,2016,21
4,False,152.916,4,2016,22
5,False,0.0,4,2016,23
6,False,25.99,4,2016,24
0,False,920.946,4,2016,25
1,False,2090.1055,4,2016,26
2,False,2719.59,4,2016,27
3,False,4044.3619999999996,4,2016,28
4,False,7.968,4,2016,29
5,False,1571.695,4,2016,30
6,False,450.94,5,2016,1
0,False,167.232,5,2016,2
1,False,2198.76,5,2016,3
2,False,1121.362,5,2016,4
3,False,0.0,5,2016,5
4,False,0.0,5,2016,6
5,False,305.622,5,2016,7
6,False,3981.968,5,2016,8
0,False,48.81,5,2016,9
1,False,154.442,5,2016,10
2,False,191.968,5,2016,11
3,False,1060.35,5,2016,12
4,False,238.384,5,2016,13
5,False,3141.1994999999997,5,2016,14
6,False,69.908,5,2016,15
0,False,255.968,5,2016,16
1,False,47.368,5,2016,17
2,False,10.86,5,2016,18
3,False,0.0,5,2016,19
4,False,169.54399999999998,5,2016,20
5,False,72.332,5,2016,21
6,False,3862.0980000000004,5,2016,22
0,False,1304.956,5,2016,23
1,False,610.3069999999999,5,2016,24
2,False,1739.4180000000001,5,2016,25
3,False,982.5640000000001,5,2016,26
4,False,0.0,5,2016,27
5,False,794.146,5,2016,28
6,False,1119.786,5,2016,29
0,True,681.1,5,2016,30
1,False,5178.138,5,2016,31
2,False,834.1980000000001,6,2016,1
3,False,0.0,6,2016,2
4,False,0.0,6,2016,3
5,False,1192.31,6,2016,4
6,False,1533.1979999999999,6,2016,5
0,False,0.0,6,2016,6
1,False,59.768,6,2016,7
2,False,145.504,6,2016,8
3,False,797.116,6,2016,9
4,False,0.0,6,2016,10
5,False,3373.5640000000003,6,2016,11
6,False,174.476,6,2016,12
0,False,1128.898,6,2016,13
1,False,51.072,6,2016,14
2,False,734.144,6,2016,15
3,False,3443.904,6,2016,16
4,False,0.0,6,2016,17
5,False,1883.087,6,2016,18
6,False,446.346,6,2016,19
0,False,829.544,6,2016,20
1,False,107.976,6,2016,21
2,False,2018.953,6,2016,22
3,False,836.9580000000001,6,2016,23
4,False,0.0,6,2016,24
5,False,857.08,6,2016,25
6,False,1592.1960000000001,6,2016,26
0,False,0.0,6,2016,27
1,False,1126.156,6,2016,28
2,False,432.92600000000004,6,2016,29
3,False,0.0,6,2016,30
4,False,0.0,7,2016,1
5,False,1631.902,7,2016,2
6,False,823.982,7,2016,3
0,True,1138.288,7,2016,4
1,False,121.646,7,2016,5
2,False,1379.812,7,2016,6
3,False,0.0,7,2016,7
4,False,21.12,7,2016,8
5,False,1587.114,7,2016,9
6,False,43.286,7,2016,10
0,False,1941.952,7,2016,11
1,False,2052.567,7,2016,12
2,False,2033.2559999999999,7,2016,13
3,False,860.9159999999999,7,2016,14
4,False,0.0,7,2016,15
5,False,3029.386,7,2016,16
6,False,448.082,7,2016,17
0,False,525.72,7,2016,18
1,False,2.025,7,2016,19
2,False,2693.168,7,2016,20
3,False,0.0,7,2016,21
4,False,0.0,7,2016,22
5,False,208.272,7,2016,23
6,False,525.95,7,2016,24
0,False,2395.024,7,2016,25
1,False,958.857,7,2016,26
2,False,29.97,7,2016,27
3,False,0.0,7,2016,28
4,False,0.0,7,2016,29
5,False,443.802,7,2016,30
6,False,3712.162,7,2016,31
0,False,1011.696,8,2016,1
1,False,1290.478,8,2016,2
2,False,0.0,8,2016,3
3,False,0.0,8,2016,4
4,False,72.65,8,2016,5
5,False,494.86920000000003,8,2016,6
6,False,968.206,8,2016,7
0,False,760.1120000000001,8,2016,8
1,False,4878.392000000001,8,2016,9
2,False,851.4739999999999,8,2016,10
3,False,196.112,8,2016,11
4,False,0.0,8,2016,12
5,False,586.896,8,2016,13
6,False,0.0,8,2016,14
0,False,497.59000000000003,8,2016,15
1,False,3378.9320000000002,8,2016,16
2,False,381.64,8,2016,17
3,False,0.0,8,2016,18
4,False,0.0,8,2016,19
5,False,0.0,8,2016,20
6,False,2827.52,8,2016,21
0,False,66.632,8,2016,22
1,False,1202.278,8,2016,23
2,False,7194.775000000001,8,2016,24
3,False,178.52599999999998,8,2016,25
4,False,0.0,8,2016,26
5,False,639.9739999999999,8,2016,27
6,False,6491.293,8,2016,28
0,False,246.5,8,2016,29
1,False,0.0,8,2016,30
2,False,2601.797,8,2016,31
3,False,2367.564,9,2016,1
4,False,0.0,9,2016,2
5,False,1874.898,9,2016,3
6,False,1071.284,9,2016,4
0,True,934.1030000000001,9,2016,5
1,False,919.674,9,2016,6
2,False,2922.667,9,2016,7
3,False,89.64,9,2016,8
4,False,0.0,9,2016,9
5,False,1415.726,9,2016,10
6,False,1962.13,9,2016,11
0,False,707.824,9,2016,12
1,False,2109.42,9,2016,13
2,False,3262.42,9,2016,14
3,False,2535.85,9,2016,15
4,False,31.12,9,2016,16
5,False,11525.006,9,2016,17
6,False,3924.32,9,2016,18
0,False,500.38,9,2016,19
1,False,1836.052,9,2016,20
2,False,6982.058,9,2016,21
3,False,1783.504,9,2016,22
4,False,0.0,9,2016,23
5,False,4180.614,9,2016,24
6,False,3033.757,9,2016,25
0,False,3722.273,9,2016,26
1,False,2382.958,9,2016,27
2,False,1058.364,9,2016,28
3,False,0.0,9,2016,29
4,False,0.0,9,2016,30
5,False,1158.414,10,2016,1
6,False,1269.266,10,2016,2
0,False,275.218,10,2016,3
1,False,505.58,10,2016,4
2,False,851.092,10,2016,5
3,False,0.0,10,2016,6
4,False,0.0,10,2016,7
5,False,222.12,10,2016,8
6,False,2133.5350000000003,10,2016,9
0,True,1855.008,10,2016,10
1,False,1011.8955,10,2016,11
2,False,2390.758,10,2016,12
3,False,371.65999999999997,10,2016,13
4,False,0.0,10,2016,14
5,False,3219.554,10,2016,15
6,False,824.97,10,2016,16
0,False,77.88,10,2016,17
1,False,378.494,10,2016,18
2,False,2135.09,10,2016,19
3,False,720.086,10,2016,20
4,False,0.0,10,2016,21
5,False,15.128,10,2016,22
6,False,2262.296,10,2016,23
0,False,831.145,10,2016,24
1,False,1425.412,10,2016,25
2,False,1395.333,10,2016,26
3,False,0.0,10,2016,27
4,False,104.51,10,2016,28
5,False,244.24,10,2016,29
6,False,2122.044,10,2016,30
0,False,3211.009,10,2016,31
1,False,3106.1059999999998,11,2016,1
2,False,5528.551,11,2016,2
3,False,2800.846,11,2016,3
4,False,0.0,11,2016,4
5,False,834.874,11,2016,5
6,False,11.481,11,2016,6
0,False,3073.073,11,2016,7
1,False,12196.997,11,2016,8
2,False,4620.2919999999995,11,2016,9
3,False,3536.904,11,2016,10
4,True,542.178,11,2016,11
5,False,1127.992,11,2016,12
6,False,2867.9132,11,2016,13
0,False,2512.71,11,2016,14
1,False,702.17,11,2016,15
2,False,4072.334,11,2016,16
3,False,3885.986,11,2016,17
4,False,0.0,11,2016,18
5,False,1040.784,11,2016,19
6,False,2861.15,11,2016,20
0,False,3613.5748,11,2016,21
1,False,614.499,11,2016,22
2,False,3450.1879999999996,11,2016,23
3,True,1218.7640000000001,11,2016,24
4,False,13.12,11,2016,25
5,False,1484.0819999999999,11,2016,26
6,False,3109.7835,11,2016,27
0,False,1864.482,11,2016,28
1,False,2760.168,11,2016,29
2,False,1798.3970000000002,11,2016,30
3,False,7130.594,12,2016,1
4,False,0.0,12,2016,2
5,False,1972.645,12,2016,3
6,False,5185.814,12,2016,4
0,False,897.322,12,2016,5
1,False,6061.502,12,2016,6
2,False,1338.298,12,2016,7
3,False,2672.728,12,2016,8
4,False,34.02,12,2016,9
5,False,3080.38,12,2016,10
6,False,1590.894,12,2016,11
0,False,1448.854,12,2016,12
1,False,1023.386,12,2016,13
2,False,488.744,12,2016,14
3,False,5494.796,12,2016,15
4,False,4.98,12,2016,16
5,False,1918.492,12,2016,17
6,False,935.288,12,2016,18
0,False,6120.656,12,2016,19
1,False,1107.464,12,2016,20
2,False,3257.7599999999998,12,2016,21
3,False,473.313,12,2016,22
4,False,194.32,12,2016,23
5,False,7484.566000000001,12,2016,24
6,True,4204.968,12,2016,25
0,True,561.486,12,2016,26
1,False,5148.4472,12,2016,27
2,False,79.2,12,2016,28
3,False,0.0,12,2016,29
4,False,3251.34,12,2016,30
5,False,1381.344,12,2016,31
6,True,0.0,1,2017,1
0,True,405.91999999999996,1,2017,2
1,False,2095.83,1,2017,3
2,False,1069.22,1,2017,4
3,False,255.904,1,2017,5
4,False,0.0,1,2017,6
5,False,83.576,1,2017,7
6,False,1859.1580000000001,1,2017,8
0,False,743.0459999999999,1,2017,9
1,False,174.75,1,2017,10
2,False,149.444,1,2017,11
3,False,0.0,1,2017,12
4,False,0.0,1,2017,13
5,False,405.344,1,2017,14
6,False,701.923,1,2017,15
0,True,102.21799999999999,1,2017,16
1,False,1040.55,1,2017,17
2,False,0.0,1,2017,18
3,False,0.0,1,2017,19
4,False,0.0,1,2017,20
5,False,1167.056,1,2017,21
6,False,917.63,1,2017,22
0,False,1732.3,1,2017,23
1,False,31.36,1,2017,24
2,False,858.712,1,2017,25
3,False,0.0,1,2017,26
4,False,0.0,1,2017,27
5,False,39.68,1,2017,28
6,False,0.0,1,2017,29
0,False,3107.316,1,2017,30
1,False,1601.5539999999999,1,2017,31
2,False,161.97,2,2017,1
3,False,8996.784,2,2017,2
4,False,866.4,2,2017,3
5,False,197.868,2,2017,4
6,False,2994.476,2,2017,5
0,False,132.224,2,2017,6
1,False,762.142,2,2017,7
2,False,1369.476,2,2017,8
3,False,121.83,2,2017,9
4,False,0.0,2,2017,10
5,False,69.93,2,2017,11
6,False,1366.04,2,2017,12
0,False,146.82,2,2017,13
1,False,837.921,2,2017,14
2,False,407.072,2,2017,15
3,False,1135.638,2,2017,16
4,False,0.0,2,2017,17
5,False,0.0,2,2017,18
6,False,392.65999999999997,2,2017,19
0,True,16.496,2,2017,20
1,False,1524.126,2,2017,21
2,False,983.17,2,2017,22
3,False,57.576,2,2017,23
4,False,0.0,2,2017,24
5,False,46.72,2,2017,25
6,False,0.0,2,2017,26
0,False,243.892,2,2017,27
1,False,147.584,2,2017,28
2,False,6285.8060000000005,3,2017,1
3,False,0.0,3,2017,2
4,False,7264.422,3,2017,3
5,False,315.45,3,2017,4
6,False,162.344,3,2017,5
0,False,811.303,3,2017,6
1,False,21.072,3,2017,7
2,False,2190.81,3,2017,8
3,False,635.6,3,2017,9
4,False,7879.734,3,2017,10
5,False,896.0219999999999,3,2017,11
6,False,1694.6419999999998,3,2017,12
0,False,8866.882,3,2017,13
1,False,669.3679999999999,3,2017,14
2,False,1805.992,3,2017,15
3,False,0.0,3,2017,16
4,False,2360.3340000000003,3,2017,17
5,False,1061.682,3,2017,18
6,False,138.68,3,2017,19
0,False,928.311,3,2017,20
1,False,645.7059999999999,3,2017,21
2,False,226.46800000000002,3,2017,22
3,False,0.0,3,2017,23
4,False,745.774,3,2017,24
5,False,1346.97,3,2017,25
6,False,682.246,3,2017,26
0,False,92.69999999999999,3,2017,27
1,False,125.30000000000001,3,2017,28
2,False,2659.339,3,2017,29
3,False,11.34,3,2017,30
4,False,640.762,3,2017,31
5,False,2161.48,4,2017,1
6,False,1454.9,4,2017,2
0,False,441.198,4,2017,3
1,False,970.194,4,2017,4
2,False,1046.3339999999998,4,2017,5
3,False,1294.75,4,2017,6
4,False,1900.3020000000001,4,2017,7
5,False,2906.404,4,2017,8
6,False,1115.197,4,2017,9
0,False,950.594,4,2017,10
1,False,0.0,4,2017,11
2,False,1542.53,4,2017,12
3,False,6.12,4,2017,13
4,False,1466.572,4,2017,14
5,False,2201.8559999999998,4,2017,15
6,False,9335.086000000001,4,2017,16
0,False,421.08500000000004,4,2017,17
1,False,2514.538,4,2017,18
2,False,1414.132,4,2017,19
3,False,0.0,4,2017,20
4,False,271.616,4,2017,21
5,False,1765.4650000000001,4,2017,22
6,False,720.368,4,2017,23
0,False,1607.1,4,2017,24
1,False,108.42,4,2017,25
2,False,434.646,4,2017,26
3,False,0.0,4,2017,27
4,False,486.672,4,2017,28
5,False,0.0,4,2017,29
6,False,142.208,4,2017,30
0,False,517.866,5,2017,1
1,False,767.316,5,2017,2
2,False,1099.013,5,2017,3
3,False,0.0,5,2017,4
4,False,2701.28,5,2017,5
5,False,236.96,5,2017,6
6,False,4835.976,5,2017,7
0,False,1340.2440000000001,5,2017,8
1,False,1283.512,5,2017,9
2,False,763.0200000000001,5,2017,10
3,False,5.98,5,2017,11
4,False,918.878,5,2017,12
5,False,0.0,5,2017,13
6,False,455.93,5,2017,14
0,False,648.9119999999999,5,2017,15
1,False,880.4599999999999,5,2017,16
2,False,346.922,5,2017,17
3,False,122.22,5,2017,18
4,False,1582.008,5,2017,19
5,False,2471.913,5,2017,20
6,False,2718.2140000000004,5,2017,21
0,False,1799.2,5,2017,22
1,False,10560.978000000001,5,2017,23
2,False,277.756,5,2017,24
3,False,1311.97,5,2017,25
4,False,1975.356,5,2017,26
5,False,5305.078,5,2017,27
6,False,2137.324,5,2017,28
0,True,1063.185,5,2017,29
1,False,8090.578,5,2017,30
2,False,438.85900000000004,5,2017,31
3,False,0.0,6,2017,1
4,False,157.844,6,2017,2
5,False,0.0,6,2017,3
6,False,2316.5229999999997,6,2017,4
0,False,659.82,6,2017,5
1,False,5477.352,6,2017,6
2,False,51.562,6,2017,7
3,False,0.0,6,2017,8
4,False,1688.4720000000002,6,2017,9
5,False,1412.3960000000002,6,2017,10
6,False,1623.416,6,2017,11
0,False,2962.563,6,2017,12
1,False,430.43800000000005,6,2017,13
2,False,3457.099,6,2017,14
3,False,173.488,6,2017,15
4,False,147.27499999999998,6,2017,16
5,False,3000.92,6,2017,17
6,False,541.938,6,2017,18
0,False,17.12,6,2017,19
1,False,1229.548,6,2017,20
2,False,577.108,6,2017,21
3,False,0.0,6,2017,22
4,False,2475.094,6,2017,23
5,False,5310.952,6,2017,24
6,False,893.266,6,2017,25
0,False,1919.6000000000001,6,2017,26
1,False,778.7059999999999,6,2017,27
2,False,877.156,6,2017,28
3,False,191.88,6,2017,29
4,False,1352.9499999999998,6,2017,30
5,False,1724.376,7,2017,1
6,False,772.786,7,2017,2
0,False,847.6999999999999,7,2017,3
1,True,1651.301,7,2017,4
2,False,0.0,7,2017,5
3,False,0.0,7,2017,6
4,False,3882.2309999999998,7,2017,7
5,False,2616.512,7,2017,8
6,False,573.286,7,2017,9
0,False,895.895,7,2017,10
1,False,0.0,7,2017,11
2,False,95.76,7,2017,12
3,False,0.0,7,2017,13
4,False,2149.96,7,2017,14
5,False,380.2,7,2017,15
6,False,910.17,7,2017,16
0,False,2184.88,7,2017,17
1,False,2891.858,7,2017,18
2,False,1536.454,7,2017,19
3,False,89.95,7,2017,20
4,False,991.095,7,2017,21
5,False,1368.048,7,2017,22
6,False,654.587,7,2017,23
0,False,326.964,7,2017,24
1,False,4979.308,7,2017,25
2,False,0.0,7,2017,26
3,False,0.0,7,2017,27
4,False,2033.374,7,2017,28
5,False,819.154,7,2017,29
6,False,1770.7759999999998,7,2017,30
0,False,2174.1580000000004,7,2017,31
1,False,1124.648,8,2017,1
2,False,482.584,8,2017,2
3,False,248.82,8,2017,3
4,False,497.90999999999997,8,2017,4
5,False,197.05,8,2017,5
6,False,320.38800000000003,8,2017,6
0,False,179.97,8,2017,7
1,False,1115.204,8,2017,8
2,False,661.3539999999999,8,2017,9
3,False,0.0,8,2017,10
4,False,151.82,8,2017,11
5,False,3951.9605,8,2017,12
6,False,731.524,8,2017,13
0,False,923.688,8,2017,14
1,False,1680.2659999999998,8,2017,15
2,False,204.54000000000002,8,2017,16
3,False,15.712,8,2017,17
4,False,496.114,8,2017,18
5,False,448.792,8,2017,19
6,False,14.78,8,2017,20
0,False,4225.1179999999995,8,2017,21
1,False,405.35,8,2017,22
2,False,4187.348,8,2017,23
3,False,0.0,8,2017,24
4,False,0.0,8,2017,25
5,False,4874.298,8,2017,26
6,False,767.9110000000001,8,2017,27
0,False,322.0248,8,2017,28
1,False,632.188,8,2017,29
2,False,1656.8700000000001,8,2017,30
3,False,23.968,8,2017,31
4,False,5766.152,9,2017,1
5,False,6792.193,9,2017,2
6,False,2365.596,9,2017,3
0,True,1707.812,9,2017,4
1,False,5226.348,9,2017,5
2,False,1313.536,9,2017,6
3,False,0.0,9,2017,7
4,False,4493.9836000000005,9,2017,8
5,False,84.992,9,2017,9
6,False,2094.324,9,2017,10
0,False,6402.018,9,2017,11
1,False,2043.792,9,2017,12
2,False,2374.73,9,2017,13
3,False,1137.338,9,2017,14
4,False,2101.1820000000002,9,2017,15
5,False,425.88599999999997,9,2017,16
6,False,2043.126,9,2017,17
0,False,4751.082,9,2017,18
1,False,3839.312,9,2017,19
2,False,1232.004,9,2017,20
3,False,0.0,9,2017,21
4,False,418.062,9,2017,22
5,False,1322.145,9,2017,23
6,False,2286.05,9,2017,24
0,False,2384.003,9,2017,25
1,False,2698.1665,9,2017,26
2,False,1992.9858,9,2017,27
3,False,99.136,9,2017,28
4,False,1271.5520000000001,9,2017,29
5,False,525.884,9,2017,30
6,False,781.414,10,2017,1
0,False,18452.972,10,2017,2
1,False,1680.696,10,2017,3
2,False,5912.782,10,2017,4
3,False,0.0,10,2017,5
4,False,830.4000000000001,10,2017,6
5,False,973.712,10,2017,7
6,False,561.5360000000001,10,2017,8
0,True,546.92,10,2017,9
1,False,252.36100000000002,10,2017,10
2,False,33.064,10,2017,11
3,False,0.0,10,2017,12
4,False,1650.618,10,2017,13
5,False,3335.888,10,2017,14
6,False,1620.15,10,2017,15
0,False,142.182,10,2017,16
1,False,2953.346,10,2017,17
2,False,307.92,10,2017,18
3,False,0.0,10,2017,19
4,False,946.174,10,2017,20
5,False,7877.272,10,2017,21
6,False,188.28,10,2017,22
0,False,467.42199999999997,10,2017,23
1,False,1365.498,10,2017,24
2,False,783.96,10,2017,25
3,False,0.0,10,2017,26
4,False,978.7900000000001,10,2017,27
5,False,2899.0209999999997,10,2017,28
6,False,131.154,10,2017,29
0,False,159.002,10,2017,30
1,False,3750.4990000000003,10,2017,31
2,False,453.374,11,2017,1
3,False,0.0,11,2017,2
4,False,3802.7960000000003,11,2017,3
5,False,3888.8179999999998,11,2017,4
6,False,4266.8988,11,2017,5
0,False,773.2560000000001,11,2017,6
1,False,3810.464,11,2017,7
2,False,993.9000000000001,11,2017,8
3,False,479.97,11,2017,9
4,True,4723.478,11,2017,10
5,True,4944.296,11,2017,11
6,False,4914.938,11,2017,12
0,False,2945.138,11,2017,13
1,False,2774.0620000000004,11,2017,14
2,False,2145.718,11,2017,15
3,False,36.72,11,2017,16
4,False,142.684,11,2017,17
5,False,3958.9320000000002,11,2017,18
6,False,638.462,11,2017,19
0,False,3070.333,11,2017,20
1,False,1176.891,11,2017,21
2,False,317.044,11,2017,22
3,True,100.61599999999999,11,2017,23
4,False,6394.5380000000005,11,2017,24
5,False,7978.551,11,2017,25
6,False,8329.743,11,2017,26
0,False,1305.769,11,2017,27
1,False,3428.372,11,2017,28
2,False,300.592,11,2017,29
3,False,970.142,11,2017,30
4,False,7365.455,12,2017,1
5,False,4684.616,12,2017,2
6,False,5269.816,12,2017,3
0,False,944.2860000000001,12,2017,4
1,False,5138.934,12,2017,5
2,False,2859.974,12,2017,6
3,False,0.0,12,2017,7
4,False,4709.095,12,2017,8
5,False,1855.483,12,2017,9
6,False,3453.23,12,2017,10
0,False,6102.25,12,2017,11
1,False,1874.0449999999998,12,2017,12
2,False,1194.088,12,2017,13
3,False,828.654,12,2017,14
4,False,2637.087,12,2017,15
5,False,628.5419999999999,12,2017,16
6,False,12185.134,12,2017,17
0,False,7051.35,12,2017,18
1,False,815.1120000000001,12,2017,19
2,False,134.54,12,2017,20
3,False,0.0,12,2017,21
4,False,1043.128,12,2017,22
5,False,6965.857,12,2017,23
6,False,1938.26,12,2017,24
0,True,10488.055,12,2017,25
1,False,1829.418,12,2017,26
2,False,959.49,12,2017,27
3,False,0.0,12,2017,28
4,False,1277.68,12,2017,29
5,False,773.774,12,2017,30
6,False,731.768,12,2017,31
0,True,1481.8280000000002,1,2018,1
1,False,2079.554,1,2018,2
2,False,2070.272,1,2018,3
3,False,0.0,1,2018,4
4,False,0.0,1,2018,5
5,False,33.74,1,2018,6
6,False,3395.59,1,2018,7
0,False,892.98,1,2018,8
1,False,274.491,1,2018,9
2,False,0.0,1,2018,10
3,False,0.0,1,2018,11
4,False,848.52,1,2018,12
5,False,4619.33,1,2018,13
6,False,697.338,1,2018,14
0,True,2140.28,1,2018,15
1,False,6230.2919999999995,1,2018,16
2,False,0.0,1,2018,17
3,False,0.0,1,2018,18
4,False,2013.715,1,2018,19
5,False,767.838,1,2018,20
6,False,2546.643,1,2018,21
0,False,4212.372,1,2018,22
1,False,450.334,1,2018,23
2,False,418.66599999999994,1,2018,24
3,False,0.0,1,2018,25
4,False,3055.2799999999997,1,2018,26
5,False,331.914,1,2018,27
6,False,1007.52,1,2018,28
0,False,158.642,1,2018,29
1,False,3749.335,1,2018,30
2,False,0.0,1,2018,31
3,False,0.0,2,2018,1
4,False,913.354,2,2018,2
5,False,922.327,2,2018,3
6,False,32.67,2,2018,4
0,False,2263.012,2,2018,5
1,False,904.354,2,2018,6
2,False,0.0,2,2018,7
3,False,0.0,2,2018,8
4,False,773.7639999999999,2,2018,9
5,False,227.103,2,2018,10
6,False,1241.516,2,2018,11
0,False,0.0,2,2018,12
1,False,1058.43,2,2018,13
2,False,0.0,2,2018,14
3,False,0.0,2,2018,15
4,False,1337.442,2,2018,16
5,False,2964.8174,2,2018,17
6,False,287.326,2,2018,18
0,True,1314.59,2,2018,19
1,False,1150.29,2,2018,20
2,False,47.904,2,2018,21
3,False,0.0,2,2018,22
4,False,117.79999999999998,2,2018,23
5,False,1448.676,2,2018,24
6,False,430.49199999999996,2,2018,25
0,False,2467.5099999999998,2,2018,26
1,False,0.0,2,2018,27
2,False,17.62,2,2018,28
3,False,0.0,3,2018,1
4,False,1450.126,3,2018,2
5,False,2000.1039999999998,3,2018,3
6,False,228.822,3,2018,4
0,False,1240.02,3,2018,5
1,False,778.236,3,2018,6
2,False,166.59,3,2018,7
3,False,843.1,3,2018,8
4,False,710.804,3,2018,9
5,False,1252.952,3,2018,10
6,False,1973.708,3,2018,11
0,False,353.28,3,2018,12
1,False,4791.35,3,2018,13
2,False,49.616,3,2018,14
3,False,0.0,3,2018,15
4,False,2014.381,3,2018,16
5,False,542.746,3,2018,17
6,False,1027.758,3,2018,18
0,False,2157.308,3,2018,19
1,False,899.568,3,2018,20
2,False,3332.636,3,2018,21
3,False,0.0,3,2018,22
4,False,14816.068,3,2018,23
5,False,1257.298,3,2018,24
6,False,3567.026,3,2018,25
0,False,3252.88,3,2018,26
1,False,2933.516,3,2018,27
2,False,1504.702,3,2018,28
3,False,81.4,3,2018,29
4,False,656.407,3,2018,30
5,False,4981.010799999999,3,2018,31
6,False,5972.988,4,2018,1
0,False,822.97,4,2018,2
1,False,32.528,4,2018,3
2,False,808.47,4,2018,4
3,False,0.0,4,2018,5
4,False,114.41999999999999,4,2018,6
5,False,1971.2905,4,2018,7
6,False,6401.93,4,2018,8
0,False,1626.71,4,2018,9
1,False,755.529,4,2018,10
2,False,319.806,4,2018,11
3,False,69.66,4,2018,12
4,False,1345.8239999999998,4,2018,13
5,False,652.93,4,2018,14
6,False,332.338,4,2018,15
0,False,944.429,4,2018,16
1,False,3431.4590000000003,4,2018,17
2,False,0.0,4,2018,18
3,False,0.0,4,2018,19
4,False,1053.614,4,2018,20
5,False,1254.564,4,2018,21
6,False,947.692,4,2018,22
0,False,1199.222,4,2018,23
1,False,928.558,4,2018,24
2,False,678.113,4,2018,25
3,False,61.608000000000004,4,2018,26
4,False,576.5756,4,2018,27
5,False,795.296,4,2018,28
6,False,1053.26,4,2018,29
0,False,1390.1260000000002,4,2018,30
1,False,4108.37,5,2018,1
2,False,399.11,5,2018,2
3,False,1386.346,5,2018,3
4,False,1146.2450000000001,5,2018,4
5,False,185.123,5,2018,5
6,False,2991.4018,5,2018,6
0,False,2549.468,5,2018,7
1,False,3658.5540000000005,5,2018,8
2,False,1078.222,5,2018,9
3,False,0.0,5,2018,10
4,False,449.469,5,2018,11
5,False,970.384,5,2018,12
6,False,3066.378,5,2018,13
0,False,4182.062,5,2018,14
1,False,421.264,5,2018,15
2,False,221.024,5,2018,16
3,False,0.0,5,2018,17
4,False,1830.508,5,2018,18
5,False,4919.182,5,2018,19
6,False,2997.578,5,2018,20
0,False,538.02,5,2018,21
1,False,336.56199999999995,5,2018,22
2,False,241.436,5,2018,23
3,False,0.0,5,2018,24
4,False,886.026,5,2018,25
5,False,270.24,5,2018,26
6,False,2084.908,5,2018,27
0,True,1480.103,5,2018,28
1,False,691.108,5,2018,29
2,False,736.8904,5,2018,30
3,False,0.0,5,2018,31
4,False,586.042,6,2018,1
5,False,135.70600000000002,6,2018,2
6,False,2952.036,6,2018,3
0,False,279.414,6,2018,4
1,False,491.11199999999997,6,2018,5
2,False,31.349999999999998,6,2018,6
3,False,0.0,6,2018,7
4,False,2227.038,6,2018,8
5,False,939.1329999999999,6,2018,9
6,False,2513.3430000000003,6,2018,10
0,False,1580.894,6,2018,11
1,False,1679.968,6,2018,12
2,False,1156.018,6,2018,13
3,False,0.0,6,2018,14
4,False,4057.51,6,2018,15
5,False,2724.194,6,2018,16
6,False,3896.672,6,2018,17
0,False,1031.1555,6,2018,18
1,False,1900.193,6,2018,19
2,False,1028.228,6,2018,20
3,False,595.656,6,2018,21
4,False,579.019,6,2018,22
5,False,0.0,6,2018,23
6,False,1184.684,6,2018,24
0,False,1508.3519999999999,6,2018,25
1,False,4224.136,6,2018,26
2,False,1644.906,6,2018,27
3,False,0.0,6,2018,28
4,False,4521.9912,6,2018,29
5,False,4721.977,6,2018,30
6,False,639.83,7,2018,1
0,False,169.192,7,2018,2
1,False,6963.4039999999995,7,2018,3
2,True,0.0,7,2018,4
3,False,476.35400000000004,7,2018,5
4,False,380.37800000000004,7,2018,6
5,False,1620.25,7,2018,7
6,False,1980.2640000000001,7,2018,8
0,False,1671.214,7,2018,9
1,False,359.21399999999994,7,2018,10
2,False,1728.892,7,2018,11
3,False,3.816,7,2018,12
4,False,504.542,7,2018,13
5,False,3598.9339999999997,7,2018,14
6,False,2132.229,7,2018,15
0,False,74.284,7,2018,16
1,False,2191.873,7,2018,17
2,False,2106.794,7,2018,18
3,False,0.0,7,2018,19
4,False,2283.208,7,2018,20
5,False,3683.832,7,2018,21
6,False,556.3140000000001,7,2018,22
0,False,898.188,7,2018,23
1,False,2399.96,7,2018,24
2,False,798.742,7,2018,25
3,False,2012.3020000000001,7,2018,26
4,False,947.832,7,2018,27
5,False,1170.5639999999999,7,2018,28
6,False,1391.294,7,2018,29
0,False,523.376,7,2018,30
1,False,1558.028,7,2018,31
2,False,2085.65,8,2018,1
3,False,0.0,8,2018,2
4,False,514.828,8,2018,3
5,False,20.07,8,2018,4
6,False,503.676,8,2018,5
0,False,1424.026,8,2018,6
1,False,3479.624,8,2018,7
2,False,0.0,8,2018,8
3,False,0.0,8,2018,9
4,False,1823.0700000000002,8,2018,10
5,False,708.726,8,2018,11
6,False,3693.084,8,2018,12
0,False,2643.164,8,2018,13
1,False,440.736,8,2018,14
2,False,1949.872,8,2018,15
3,False,80.564,8,2018,16
4,False,9517.287999999999,8,2018,17
5,False,7078.4839999999995,8,2018,18
6,False,512.446,8,2018,19
0,False,692.95,8,2018,20
1,False,8284.534,8,2018,21
2,False,524.54,8,2018,22
3,False,4590.344,8,2018,23
4,False,685.0560000000002,8,2018,24
5,False,361.988,8,2018,25
6,False,190.66,8,2018,26
0,False,6190.538,8,2018,27
1,False,1443.6319999999998,8,2018,28
2,False,235.46800000000002,8,2018,29
3,False,0.0,8,2018,30
4,False,3162.83,8,2018,31
5,False,1261.81,9,2018,1
6,False,8652.334,9,2018,2
0,True,1595.849,9,2018,3
1,False,5360.202,9,2018,4
2,False,327.044,9,2018,5
3,False,0.0,9,2018,6
4,False,3848.565,9,2018,7
5,False,2184.327,9,2018,8
6,False,4356.061,9,2018,9
0,False,2506.646,9,2018,10
1,False,5564.006,9,2018,11
2,False,491.54999999999995,9,2018,12
3,False,15.92,9,2018,13
4,False,3471.403,9,2018,14
5,False,7285.026,9,2018,15
6,False,831.65,9,2018,16
0,False,4979.226,9,2018,17
1,False,1511.93,9,2018,18
2,False,1648.188,9,2018,19
3,False,7359.918,9,2018,20
4,False,338.172,9,2018,21
5,False,7871.213,9,2018,22
6,False,2395.786,9,2018,23
0,False,6450.4619999999995,9,2018,24
1,False,1412.213,9,2018,25
2,False,1486.576,9,2018,26
3,False,0.0,9,2018,27
4,False,559.271,9,2018,28
5,False,1846.78,9,2018,29
6,False,540.76,9,2018,30
0,False,2978.466,10,2018,1
1,False,5418.022,10,2018,2
2,False,2504.48,10,2018,3
3,False,19.98,10,2018,4
4,False,6684.616,10,2018,5
5,False,1180.82,10,2018,6
6,False,2749.21,10,2018,7
0,True,608.356,10,2018,8
1,False,1496.589,10,2018,9
2,False,239.358,10,2018,10
3,False,0.0,10,2018,11
4,False,5625.394,10,2018,12
5,False,8405.802,10,2018,13
6,False,134.332,10,2018,14
0,False,1017.94,10,2018,15
1,False,3473.5969999999998,10,2018,16
2,False,126.352,10,2018,17
3,False,0.0,10,2018,18
4,False,2781.8702000000003,10,2018,19
5,False,1333.858,10,2018,20
6,False,4537.201,10,2018,21
0,False,15158.877,10,2018,22
1,False,3352.3940000000002,10,2018,23
2,False,529.0849999999999,10,2018,24
3,False,0.0,10,2018,25
4,False,999.868,10,2018,26
5,False,1086.32,10,2018,27
6,False,408.726,10,2018,28
0,False,46.96,10,2018,29
1,False,4025.7299999999996,10,2018,30
2,False,523.928,10,2018,31
3,False,2921.43,11,2018,1
4,False,6294.386,11,2018,2
5,False,4536.937,11,2018,3
6,False,10668.096,11,2018,4
0,False,2355.064,11,2018,5
1,False,4288.75,11,2018,6
2,False,2413.378,11,2018,7
3,False,384.1,11,2018,8
4,False,4751.492,11,2018,9
5,False,4007.5480000000002,11,2018,10
6,True,1815.2179999999998,11,2018,11
0,True,2911.386,11,2018,12
1,False,6633.4202000000005,11,2018,13
2,False,834.6579999999999,11,2018,14
3,False,559.2,11,2018,15
4,False,4755.234,11,2018,16
5,False,13408.7928,11,2018,17
6,False,1469.756,11,2018,18
0,False,7397.272,11,2018,19
1,False,2988.274,11,2018,20
2,False,2236.1839999999997,11,2018,21
3,True,35.712,11,2018,22
4,False,1153.109,11,2018,23
5,False,4736.061,11,2018,24
6,False,3666.157,11,2018,25
0,False,5048.1720000000005,11,2018,26
1,False,1618.254,11,2018,27
2,False,6912.944,11,2018,28
3,False,491.888,11,2018,29
4,False,6645.282,11,2018,30
5,False,5331.178,12,2018,1
6,False,9951.182,12,2018,2
0,False,1403.842,12,2018,3
1,False,2639.638,12,2018,4
2,False,1453.136,12,2018,5
3,False,10.68,12,2018,6
4,False,2916.514,12,2018,7
5,False,7643.041,12,2018,8
6,False,5470.39,12,2018,9
0,False,3873.5589999999997,12,2018,10
1,False,2025.035,12,2018,11
2,False,0.0,12,2018,12
3,False,580.936,12,2018,13
4,False,3897.714,12,2018,14
5,False,306.88800000000003,12,2018,15
6,False,858.702,12,2018,16
0,False,2027.758,12,2018,17
1,False,3645.911,12,2018,18
2,False,1895.926,12,2018,19
3,False,377.736,12,2018,20
4,False,2140.94,12,2018,21
5,False,7442.021,12,2018,22
6,False,1926.776,12,2018,23
0,False,6233.054,12,2018,24
1,True,2698.927,12,2018,25
2,False,814.5939999999999,12,2018,26
3,False,177.636,12,2018,27
4,False,1657.3508000000002,12,2018,28
5,False,2915.534,12,2018,29
6,False,713.7900000000001,12,2018,30
